{
  "manifest": {
    "apis": {
      "custom": {
        "endpoint": {
          "uri": "arn:aws:lambda:us-east-1:156409939777:function:7c99fb62-74bf-474f-b7e4-f1351b9e1113:Release_0"
        },
        "interfaces": []
      }
    },
    "permissions": [
      {
        "name": "alexa:devices:all:address:country_and_postal_code:read"
      },
      {
        "name": "alexa::profile:email:read"
      }
    ],
    "privacyAndCompliance": {
      "locales": {
        "es-ES": {}
      },
      "allowsPurchases": false,
      "usesPersonalInfo": false,
      "isChildDirected": false,
      "containsAds": false
    },
    "publishingInformation": {
      "locales": {
        "es-ES": {
          "name": "calefaccion_python",
          "summary": "Script privado para poder saber el estado del suelo de casa",
          "description": "El suelo de casa es variable y es necesario poder controlarlo antes que se rompa",
          "examplePhrases": [
            "Echo, pregunta a my home el estado del suelo"
          ],
          "keywords": [],
          "updatesDescription": "Revisión con minútame del estado del suelo"
        }
      },
      "isAvailableWorldwide": true,
      "distributionMode": "PRIVATE",
      "category": "SMART_HOME",
      "distributionCountries": []
    }
  }
}